environment,genotype,observed
BRK_00,PI182561,66.0
BRK_00,PI382161,92.5
BRK_00,PI382167,72.0
BRK_00,PI81791,70.5
BRK_00,MN97039,65.5
BRK_00,MN97561,62.5
BRK_00,MN98037,63.5
BRK_00,MN98092,61.0
BRK_00,MN98208,80.0
BRK_00,MN98389,74.0
BRK_00,2375,71.0
BRK_00,ND2710,92.5
BRK_00,BACUP,66.5
BRK_00,WHEATON,65.0
BRK_01,PI104131,33.900000000000006
BRK_01,PI185380,30.5
BRK_01,PI349478,59.3
BRK_01,PI382140,48.4
BRK_01,MN99109,39.4
BRK_01,MN99112,38.2
BRK_01,MN99126,44.8
BRK_01,MN99192,40.5
BRK_01,MN99322,41.0
BRK_01,2375,36.0
BRK_01,ND2710,48.4
BRK_01,BACUP,45.6
BRK_01,WHEATON,22.299999999999997
BRK_02,PI163429,37.5
BRK_02,PI168727,45.6
BRK_02,PI345731,46.5
BRK_02,PI185843,57.5
BRK_02,PI264940,60.3
BRK_02,SD3533,46.3
BRK_02,MN00021,66.0
BRK_02,MN00173,43.2
BRK_02,MN00274,58.5
BRK_02,MN99225,64.2
BRK_02,MN99408,66.5
BRK_02,2375,48.2
BRK_02,ND2710,82.0
BRK_02,BACUP,59.2
BRK_02,WHEATON,39.5
BRK_03,BUCKAUSTRAL,61.8
BRK_03,KLEINCONDOR,65.2
BRK_03,ARTEMOWSKA,73.2
BRK_03,ALBIDUM43,39.5
BRK_03,SD3746,47.0
BRK_03,STEPNJACHKA,73.2
BRK_03,MN01116,58.0
BRK_03,MN01180,82.4
BRK_03,MN01281,81.7
BRK_03,MN99433-1,52.0
BRK_03,ND03_1-15,55.8
BRK_03,ND03_1-9,78.1
BRK_03,2375,61.8
BRK_03,ND2710,96.9
BRK_03,BACUP,85.4
BRK_03,WHEATON,21.200000000000003
BRK_04,MN00187-3,72.1233
BRK_04,MN01164,73.36670000000001
BRK_04,MN01NIL84-5-5-15,65.83330000000001
BRK_04,MN99220-4,57.89
BRK_04,MN99341-2-5,62.5
BRK_04,ND03_1-15,45.3333
BRK_04,ND03_1-9,56.7333
BRK_04,NDSW0345,47.8167
BRK_04,RUGBY,46.1333
BRK_04,2375,56.6667
BRK_04,ND2710,76.9833
BRK_04,BACUP,64.3133
BRK_04,WHEATON,41.9667
BRK_05,NDSW0350,58.3333
BRK_05,MN01057-3-1,78.91669999999999
BRK_05,MN01380-2-1,72.28999999999999
BRK_05,MN02051-1,69.94
BRK_05,MN02219-1,68.0067
BRK_05,MN02306-2,75.5567
BRK_05,NDSW0345,51.0
BRK_05,RUGBY,44.3333
BRK_05,2375,49.95
BRK_05,ND2710,75.3567
BRK_05,BACUP,67.38
BRK_05,WHEATON,50.65
BRK_06,WASKADA,79.925
BRK_06,CROMWELL,60.1667
BRK_06,MN02268-A-4,78.9417
BRK_06,TOM,80.825
BRK_06,NDSW0430,84.4167
BRK_06,MN00209-3-1,92.6833
BRK_06,MN02222-1,86.4667
BRK_06,RUGBY,40.3333
BRK_06,2375,79.9083
BRK_06,ND2710,87.8333
BRK_06,BACUP,78.425
BRK_06,WHEATON,44.6667
BRK_07,ES101,67.3666667
BRK_07,MN03013-3-2,62.0333333
BRK_07,MN03191-2-1,55.8333333
BRK_07,NDSW0430,70.66666670000001
BRK_07,MN00209-3-1,60.2666667
BRK_07,MN02222-1,68.16666670000001
BRK_07,RUGBY,61.6666667
BRK_07,BRICK,63.3333333
BRK_07,2375,57.9583333
BRK_07,ND2710,68.0
BRK_07,BACUP,62.725
BRK_07,WHEATON,27.166666699999993
BRK_09,FOREFRONT,57.1666667
BRK_09,SD4011,69.66666670000001
BRK_09,SD4027,64.83333329999999
BRK_09,SELECT,69.16666670000001
BRK_09,MN05152-1-1,65.33333329999999
BRK_09,MN06049-1-3,71.66666670000001
BRK_09,MN06202-3-1,60.0
BRK_09,MN06213-6-2-4,66.16666670000001
BRK_09,MN06219-2-2,53.1666667
BRK_09,2375,52.6666667
BRK_09,ND2710,71.5
BRK_09,BACUP,68.33333329999999
BRK_09,WHEATON,49.3333333
BRK_10,MT09SCAB16,60.45
BRK_10,MT09SCAB3,55.4166667
BRK_10,MT09SCAB5,54.7916667
BRK_10,MT09SCAB9,43.5
BRK_10,FN09-17017,85.2583333
BRK_10,FN09-17210,85.8
BRK_10,FN09-17213,91.25833333
BRK_10,FN09-17270,91.35833333
BRK_10,FN09-17275,92.10833333
BRK_10,MN06216-6-2-4,53.6666667
BRK_10,MN07049-7-3,86.925
BRK_10,MN07183-3,64.16666670000001
BRK_10,BW928,70.225
BRK_10,BRICK,89.22083334999999
BRK_10,2375,60.15
BRK_10,ND2710,73.5916667
BRK_10,BACUP,76.2333333
BRK_10,WHEATON,52.5
BRK_11,10EXP13-16,47.6666667
BRK_11,10EXP13-24,50.6666667
BRK_11,10EXP13-44,66.7666667
BRK_11,10EXP13-87,42.3333333
BRK_11,10EXPSW13-19,43.8333333
BRK_11,10EXPSW13-28,70.7166667
BRK_11,10EXPSW13-9,45.1666667
BRK_11,SD4313,73.2
BRK_11,SD4331,62.8416667
BRK_11,SD4337,47.5
BRK_11,SD4338,46.5
BRK_11,SD4343,60.8333333
BRK_11,MN07057-6-4,54.7833333
BRK_11,MN07167W-2-1,49.5
BRK_11,MN09023,49.95
BRK_11,MN09092,51.0
BRK_11,X00009-16,57.0
BRK_11,BW928,51.6666667
BRK_11,BRICK,75.2333333
BRK_11,2375,46.3333333
BRK_11,ND2710,60.5
BRK_11,BACUP,62.05
BRK_11,WHEATON,38.1666667
BRK_12,11EXP13-105,89.69166666699999
BRK_12,11EXP13-107,80.466666667
BRK_12,11EXP13-43,94.325
BRK_12,11EXP13-65,81.783333333
BRK_12,11EXP13-78,85.983333333
BRK_12,SD4361,85.708333333
BRK_12,SD4366,95.3166666667
BRK_12,SD4388,86.716666667
BRK_12,SD4394,83.075
BRK_12,SD4397,82.966666667
BRK_12,MN08166,85.033333333
BRK_12,MN08173,93.5666666667
BRK_12,MN09027,92.1666666667
BRK_12,MN09071,82.55
BRK_12,MN09121,93.1666666667
BRK_12,BW928,89.083333333
BRK_12,BRICK,88.9805555555667
BRK_12,2375,96.1916666667
BRK_12,ND2710,91.25
BRK_12,BACUP,85.35
BRK_12,WHEATON,94.3666666667
BRK_13,SD4487,81.104166667
BRK_13,SD4518,80.85
BRK_13,SD4536,81.3125
BRK_13,SD4541,84.966666667
BRK_13,SD4544,83.4125
BRK_13,MN09157,83.695833333
BRK_13,MN10055,83.470833333
BRK_13,MN10285,85.31666666699999
BRK_13,MN10362,85.858333333
BRK_13,MN10368,85.920833333
BRK_13,12-14-147,86.470833333
BRK_13,12-14-158,81.095833333
BRK_13,12-14-172,88.1125
BRK_13,12-14-97,79.233333333
BRK_13,BRICK,91.225
BRK_13,2375,84.091666667
BRK_13,ND2710,90.6791666667
BRK_13,BACUP,84.0375
BRK_13,WHEATON,68.80833333300001
BRK_14,SD4504,82.19166666699999
BRK_14,SD4508,77.5
BRK_14,SD4510,76.166666667
BRK_14,SD4514,78.125
BRK_14,SD4546,84.85
BRK_14,MN10021,79.55
BRK_14,MN10388,73.5
BRK_14,MN11074,80.3
BRK_14,MN11397-1,66.716666667
BRK_14,MN11405,84.25
BRK_14,12-14-147,70.43333333300001
BRK_14,12-14-158,69.833333333
BRK_14,12-14-172,73.366666667
BRK_14,12-14-97,74.93333333300001
BRK_14,2375,70.166666667
BRK_14,ND2710,87.833333333
BRK_14,BACUP,69.5
BRK_14,WHEATON,78.7
BRK_15,BW483,53.0
BRK_15,BW485,52.833333333
BRK_15,BW499,67.133333333
BRK_15,BW961,57.333333333
BRK_15,MT1219,49.666666667
BRK_15,MT1337,53.0
BRK_15,MT1338,55.158333333
BRK_15,14-13-106,59.666666667
BRK_15,14-13-135,63.333333333
BRK_15,14-13-14,66.866666667
BRK_15,14-13-21,55.833333333
BRK_15,14-13-97,58.833333333
BRK_15,SD4559,65.0
BRK_15,SD4582,81.208333333
BRK_15,SD4595,71.725
BRK_15,SD4605,68.166666667
BRK_15,SD4607,58.833333333
BRK_15,MN11326-3,68.883333333
BRK_15,MN12265-1,65.30833333300001
BRK_15,MN12307-3,67.0
BRK_15,MN12423-5,76.68333333300001
BRK_15,MN12545-3,63.375
BRK_15,MT1316,57.0
BRK_15,2375,63.166666667
BRK_15,ND2710,69.725
BRK_15,BACUP,53.333333333
BRK_15,WHEATON,50.0
BRK_16,ND820,79.741666667
BRK_16,ND822,81.7125
BRK_16,ND824,82.0
BRK_16,SD4587,85.3875
BRK_16,SD4589,82.266666667
BRK_16,SD4621,84.15
BRK_16,SD4645,81.925
BRK_16,SD4675,78.329166667
BRK_16,IDO1403S,59.916666667
BRK_16,IDO1405S,62.166666667
BRK_16,IDO1601S,65.65
BRK_16,IDO1603S,60.666666667
BRK_16,UISTONE,66.775
BRK_16,LANG-MN,78.4875
BRK_16,MN11394-6,84.0
BRK_16,MN13056-7,86.12083333300001
BRK_16,MN13064-2,80.516666667
BRK_16,MN13515-8,83.479166667
BRK_16,ND-VITPRO,82.045833333
BRK_16,ND828,81.920833333
BRK_16,2375,76.1
BRK_16,ND2710,80.991666667
BRK_16,BACUP,73.508333333
BRK_16,WHEATON,56.1
BRK_17,ND830,85.8
BRK_17,ND833,83.8
BRK_17,NDHRS16-12-19,79.9
BRK_17,NDHRS16-12-31,84.7
BRK_17,NDHRS16-12-52,82.0
BRK_17,SD4691,85.8
BRK_17,SD4705,88.6
BRK_17,SD4710,86.3
BRK_17,SD4724,86.0
BRK_17,SD4741,87.7
BRK_17,MN13304-5,81.4
BRK_17,MN14138-4,85.3
BRK_17,MN14470-5,80.0
BRK_17,MN14669-1,76.8
BRK_17,2375,74.4
BRK_17,ND2710,84.5
BRK_17,BACUP,78.2
BRK_17,WHEATON,68.5
BRK_18,MT1673,73.6
BRK_18,NDHRS16-13-13,81.0
BRK_18,NDHRS16-13-89,79.4
BRK_18,NDHRS16-13-97,80.9
BRK_18,NDHRS16-14-12,82.9
BRK_18,NDHRS16-14-91,80.0
BRK_18,SD4756,78.5
BRK_18,SD4758,80.8
BRK_18,SD4787,83.1
BRK_18,SD4819,83.7
BRK_18,SD4822,76.1
BRK_18,MN15008-7,77.1
BRK_18,MN15029-8,80.2
BRK_18,MN15089-2,81.9
BRK_18,MN15219-2,80.9
BRK_18,MN15501-4,80.9
BRK_18,MT1621,70.0
BRK_18,2375,69.0
BRK_18,ND2710,84.9
BRK_18,BACUP,80.6
BRK_18,WHEATON,58.0
BRK_19,LANNING,76.1
BRK_19,MT1767,79.4
BRK_19,VIDA,73.6
BRK_19,NDHRS14-0136-C06,76.2
BRK_19,NDHRS16-14-36,75.2
BRK_19,NDHRS16-16-665,80.7
BRK_19,SD4740,75.9
BRK_19,SD4834,77.9
BRK_19,SD4859,77.3
BRK_19,SD4865,79.2
BRK_19,SD4868,80.2
BRK_19,MN15155-2,80.6
BRK_19,MN16028,77.6
BRK_19,MN16040,78.7
BRK_19,MN16262-3,81.2
BRK_19,MN16317-5,82.5
BRK_19,MT1621,66.3
BRK_19,NDHRS13-0170-0004,76.6
BRK_19,MT1716,75.2
BRK_19,ND-HERON,78.8
BRK_19,ND2710,82.5
BRK_19,BACUP,70.2
BRK_19,WHEATON,60.6
BRK_20,MT1775,72.2
BRK_20,MT1809,78.9
BRK_20,MT1866,70.2
BRK_20,MT1871,68.1
BRK_20,MT1872,77.0
BRK_20,NDHRS13-0114-C06,81.1
BRK_20,NDHRS13-0121-C05,84.3
BRK_20,NDHRS13-0215-C03,80.3
BRK_20,NDHRS13-0318-0003,81.2
BRK_20,SD4848,75.1
BRK_20,SD4917,80.2
BRK_20,SD4926,81.0
BRK_20,SD4947,68.6
BRK_20,SD4950,69.2
BRK_20,MN16103-1,80.2
BRK_20,MN16277-3,78.6
BRK_20,MN16340-8,78.8
BRK_20,MN16360-1,73.7
BRK_20,MN16408-5,76.2
BRK_20,NDHRS13-0170-0004,81.9
BRK_20,MT1855,62.9
BRK_20,MT1716,78.2
BRK_20,ND-HERON,80.8
BRK_20,ND2710,81.2
BRK_20,BACUP,76.9
BRK_20,WHEATON,56.3
BRK_21,MT2007,77.3
BRK_21,MT2013,74.2
BRK_21,MT2018,74.9
BRK_21,MT2022,79.2
BRK_21,NDHRS17DH-0467-056,75.3
BRK_21,SD4871,84.1
BRK_21,SD4933,83.0
BRK_21,SD4968,83.2
BRK_21,SD4976,79.3
BRK_21,SD4991,82.3
BRK_21,SD5012,85.7
BRK_21,MN17033-1,82.3
BRK_21,MN17038-5,76.1
BRK_21,MN17271-1,81.4
BRK_21,MN17332-2,80.7
BRK_21,MT1855,70.2
BRK_21,NDHRS13-0156-C04,77.5
BRK_21,NDHRS13-0177-0001,82.9
BRK_21,NDHRS13-0309-B03,82.5
BRK_21,NDHRS17-0596-B28,84.7
BRK_21,MT1716,77.2
BRK_21,ND2710,87.0
BRK_21,BACUP,81.3
BRK_21,WHEATON,58.7
BRK_22,MT21076,79.2
BRK_22,MT21082,67.3
BRK_22,MT21089,77.5
BRK_22,MT21091,78.3
BRK_22,MT21102,74.8
BRK_22,MT21111,72.7
BRK_22,SD4893,78.5
BRK_22,SD4924,70.3
BRK_22,SD5030,75.2
BRK_22,SD5038,75.2
BRK_22,SD5051,77.3
BRK_22,MN17065-2,78.7
BRK_22,MN18081-5,78.0
BRK_22,MN18163-5,76.0
BRK_22,MN18179-4,83.2
BRK_22,MN18292-3,76.3
BRK_22,NDHRS13-0156-C04,73.2
BRK_22,NDHRS13-0177-0001,77.7
BRK_22,NDHRS13-0309-B03,82.7
BRK_22,NDHRS17-0596-B28,78.5
BRK_22,ND2710,82.5
BRK_22,BACUP,76.3
BRK_22,WHEATON,64.7
BRK_23,MT21214,84.5
BRK_23,MT21222,83.1
BRK_23,MT21305,82.9
BRK_23,MT21352,79.4
BRK_23,MT21384,76.5
BRK_23,NDHRS15-0006-B02,91.5
BRK_23,NDHRS15-0006-C29,81.7
BRK_23,NDHRS15-0037-C52,85.6
BRK_23,NDHRS15-0405-C34,87.5
BRK_23,NDHRS16RIL-0190-019,86.4
BRK_23,SD5101,85.0
BRK_23,SD5117,81.9
BRK_23,SD5127,86.3
BRK_23,SD5132,86.7
BRK_23,SD5145,83.2
BRK_23,SD5159,83.8
BRK_23,MN18091-2,84.8
BRK_23,MN19114-3,85.2
BRK_23,MN19146-4,90.5
BRK_23,MN19257-1,88.0
BRK_23,MN20231-2,84.5
BRK_23,MT21220,87.0
BRK_23,ND2710,92.5
BRK_23,BACUP,87.0
BRK_23,WHEATON,74.7
BRK_24,AAC_HODGE,71.3
BRK_24,AAC_SPIKE,70.2
BRK_24,AAC_WESTKING,69.7
BRK_24,BW5095,59.8
BRK_24,HY2136,57.7
BRK_24,MT21224,53.5
BRK_24,MT22071,61.5
BRK_24,MT22345,44.0
BRK_24,MT22361,55.7
BRK_24,MT23004,56.7
BRK_24,MT23297,56.7
BRK_24,NDHRS18-0069-B077,75.0
BRK_24,NDHRS18-0105-B080,82.6
BRK_24,NDHRS18-0178-B057,67.0
BRK_24,NDHRS18-0180-B101,77.6
BRK_24,NDHRS18-0261-B234,73.1
BRK_24,NDHRS19RIL-0121-212-1,79.6
BRK_24,SD5050,67.2
BRK_24,SD5153,71.0
BRK_24,SD5158,81.8
BRK_24,SD5193,68.3
BRK_24,SD5195,75.9
BRK_24,SD5203,75.9
BRK_24,SD5223,76.7
BRK_24,MN19342-1,66.5
BRK_24,MN20080-3,69.7
BRK_24,MN20081-2,69.2
BRK_24,MN20171-1,73.5
BRK_24,MN20172-2,62.5
BRK_24,MT21220,56.3
BRK_24,ND2710,78.4
BRK_24,BACUP,61.2
BRK_24,WHEATON,41.8
BRK_97,ND691,45.5
BRK_97,PARSHALL,30.0
BRK_97,MN94346,55.2
BRK_97,MN95124,48.2
BRK_97,MN95211,57.8
BRK_97,SCHOLAR,34.2
BRK_97,MCVEY,37.3
BRK_97,D87-240,24.700000000000003
BRK_97,2375,34.0
BRK_97,ND2710,81.2
BRK_97,BACUP,77.2
BRK_97,WHEATON,21.299999999999997
BRK_98,LANGDON,22.700000000000003
BRK_98,BRIGGS,35.7
BRK_98,SD3345,23.299999999999997
BRK_98,MN97237,30.299999999999997
BRK_98,MN97762,22.0
BRK_98,MN97847,38.0
BRK_98,MCVEY,33.3
BRK_98,ND2891,40.0
BRK_98,2375,27.299999999999997
BRK_98,ND2710,56.0
BRK_98,BACUP,48.3
BRK_98,WHEATON,13.0
BRK_99,ACBARRIE,13.0
BRK_99,SD3310,61.0
BRK_99,SD3407,44.0
BRK_99,SD3414,55.0
BRK_99,MN97518,47.0
BRK_99,MN97596,32.0
BRK_99,MN97603,37.0
BRK_99,MN98068,34.0
BRK_99,MN98513,46.0
BRK_99,ND2891,52.0
BRK_99,2375,29.0
BRK_99,ND2710,66.0
BRK_99,BACUP,44.0
BRK_99,WHEATON,16.0
CRK_00,PI182561,92.2
CRK_00,PI382161,94.2
CRK_00,PI382167,92.0
CRK_00,PI81791,88.7
CRK_00,MN97039,74.7
CRK_00,MN97561,73.3
CRK_00,MN98037,82.5
CRK_00,MN98092,73.2
CRK_00,MN98208,65.5
CRK_00,MN98389,82.7
CRK_00,2375,67.0
CRK_00,ND2710,83.3
CRK_00,BACUP,80.2
CRK_00,WHEATON,52.7
CRK_01,PI104131,93.3
CRK_01,PI185380,89.7
CRK_01,PI349478,98.0
CRK_01,PI382140,86.4
CRK_01,MN99109,88.9
CRK_01,MN99112,91.1
CRK_01,MN99126,93.2
CRK_01,MN99192,95.0
CRK_01,MN99322,83.0
CRK_01,2375,74.3
CRK_01,ND2710,88.2
CRK_01,BACUP,94.9
CRK_01,WHEATON,71.4
CRK_03,BUCKAUSTRAL,42.1
CRK_03,KLEINCONDOR,36.1
CRK_03,ARTEMOWSKA,65.3
CRK_03,ALBIDUM43,63.0
CRK_03,SD3746,37.1
CRK_03,STEPNJACHKA,62.4
CRK_03,MN01116,90.1
CRK_03,MN01180,93.3
CRK_03,MN01281,87.9
CRK_03,MN99433-1,71.5
CRK_03,ND03_1-15,63.1
CRK_03,ND03_1-9,72.0
CRK_03,2375,57.3
CRK_03,ND2710,94.3
CRK_03,BACUP,69.7
CRK_03,WHEATON,30.5
CRK_04,MN00187-3,98.0
CRK_04,MN01164,88.0
CRK_04,MN01NIL84-5-5-15,96.1
CRK_04,MN99220-4,89.6667
CRK_04,MN99341-2-5,94.63333
CRK_04,ND03_1-15,61.1
CRK_04,ND03_1-9,86.5333
CRK_04,NDSW0345,59.0
CRK_04,RUGBY,59.7
CRK_04,2375,50.7
CRK_04,ND2710,96.43333
CRK_04,BACUP,77.3
CRK_04,WHEATON,18.533299999999997
CRK_07,ES101,23.0
CRK_07,MN03013-3-2,79.5
CRK_07,MN03191-2-1,54.5
CRK_07,NDSW0430,73.8
CRK_07,MN00209-3-1,86.6
CRK_07,MN02222-1,84.6
CRK_07,RUGBY,28.700000000000003
CRK_07,BRICK,89.6
CRK_07,2375,62.0
CRK_07,ND2710,95.1
CRK_07,BACUP,73.6
CRK_07,WHEATON,18.799999999999997
CRK_09,FOREFRONT,94.83333333333331
CRK_09,SD4011,91.0
CRK_09,SD4027,78.6
CRK_09,SELECT,94.1
CRK_09,MN05152-1-1,91.96666666666668
CRK_09,MN06049-1-3,94.96666666666668
CRK_09,MN06202-3-1,92.46666666666668
CRK_09,MN06213-6-2-4,88.3666666666667
CRK_09,MN06219-2-2,86.6
CRK_09,2375,83.3333333333333
CRK_09,ND2710,94.96666666666668
CRK_09,BACUP,91.36666666666667
CRK_09,WHEATON,32.1666666666667
CRK_10,MT09SCAB16,24.5
CRK_10,MT09SCAB3,55.1
CRK_10,MT09SCAB5,62.7
CRK_10,MT09SCAB9,57.8
CRK_10,FN09-17017,91.2
CRK_10,FN09-17210,93.0
CRK_10,FN09-17213,92.5
CRK_10,FN09-17270,96.4
CRK_10,FN09-17275,96.5
CRK_10,MN06216-6-2-4,92.1
CRK_10,MN07049-7-3,91.1
CRK_10,MN07183-3,85.0
CRK_10,ALSEN,75.9
CRK_10,2375,59.7
CRK_10,ND2710,90.6
CRK_10,BACUP,90.0
CRK_10,WHEATON,25.0
CRK_12,11EXP13-105,87.2
CRK_12,11EXP13-107,74.8
CRK_12,11EXP13-43,80.76666666666671
CRK_12,11EXP13-65,62.6
CRK_12,11EXP13-78,86.2
CRK_12,SD4361,85.2666666666667
CRK_12,SD4366,70.3666666666667
CRK_12,SD4388,71.9666666666667
CRK_12,SD4394,91.16666666666669
CRK_12,SD4397,92.13333333333333
CRK_12,MN08166,92.7
CRK_12,MN08173,78.2
CRK_12,MN09027,96.66666666666669
CRK_12,MN09071,72.56666666666669
CRK_12,MN09121,84.4333333333333
CRK_12,BW928,81.1666666666667
CRK_12,ALSEN,78.1
CRK_12,2375,60.4
CRK_12,ND2710,94.0
CRK_12,BACUP,87.1833333333333
CRK_12,WHEATON,28.716666666666697
CRK_13,SD4487,62.1
CRK_13,SD4518,59.95
CRK_13,SD4536,56.3
CRK_13,SD4541,64.1
CRK_13,SD4544,61.1
CRK_13,MN09157,91.6
CRK_13,MN10055,90.8
CRK_13,MN10285,95.2
CRK_13,MN10362,96.55
CRK_13,MN10368,81.45
CRK_13,12-14-147,83.8
CRK_13,12-14-158,71.5
CRK_13,12-14-172,77.25
CRK_13,12-14-97,79.8
CRK_13,ALSEN,74.2
CRK_13,2375,61.65
CRK_13,ND2710,93.5
CRK_13,BACUP,81.725
CRK_13,WHEATON,26.09999999999999
CRK_14,SD4504,87.7
CRK_14,SD4508,86.6
CRK_14,SD4510,86.5
CRK_14,SD4514,88.0
CRK_14,SD4546,87.65
CRK_14,MN10021,97.65
CRK_14,MN10388,95.1
CRK_14,MN11074,83.1
CRK_14,MN11397-1,86.85
CRK_14,MN11405,90.7
CRK_14,12-14-147,87.6
CRK_14,12-14-158,83.95
CRK_14,12-14-172,75.75
CRK_14,12-14-97,84.5
CRK_14,ALSEN,84.15
CRK_14,2375,60.65
CRK_14,ND2710,90.75
CRK_14,BACUP,86.1
CRK_14,WHEATON,40.45
CRK_15,14-13-106,70.65
CRK_15,14-13-135,90.55
CRK_15,14-13-14,65.55
CRK_15,14-13-21,86.75
CRK_15,14-13-97,71.3
CRK_15,SD4559,65.65
CRK_15,SD4582,88.15
CRK_15,SD4595,66.25
CRK_15,SD4605,58.65
CRK_15,SD4607,57.3
CRK_15,MN11326-3,87.0
CRK_15,MN12265-1,66.45
CRK_15,MN12307-3,85.05
CRK_15,MN12423-5,90.75
CRK_15,MN12545-3,84.1
CRK_15,ALSEN,61.0
CRK_15,2375,47.55
CRK_15,ND2710,90.25
CRK_15,BACUP,73.2
CRK_15,WHEATON,25.450000000000003
CRK_16,MT1348,36.65
CRK_16,MT1401,59.0
CRK_16,ND820,76.75
CRK_16,ND822,62.95
CRK_16,ND824,90.7
CRK_16,SD4587,90.1
CRK_16,SD4589,83.35
CRK_16,SD4621,77.9
CRK_16,SD4645,80.5
CRK_16,SD4675,87.35
CRK_16,IDO1403S,38.85
CRK_16,IDO1405S,5.0
CRK_16,IDO1601S,21.59999999999999
CRK_16,IDO1603S,21.75
CRK_16,UISTONE,52.2
CRK_16,LANG-MN,83.15
CRK_16,MN11394-6,90.25
CRK_16,MN13056-7,86.65
CRK_16,MN13064-2,81.45
CRK_16,MN13515-8,87.9
CRK_16,MT1316,79.15
CRK_16,ND-VITPRO,83.85
CRK_16,ND828,81.4
CRK_16,ALSEN,76.85
CRK_16,2375,67.1
CRK_16,ND2710,89.2
CRK_16,BACUP,80.7
CRK_16,WHEATON,15.450000000000005
CRK_17,ND830,80.05
CRK_17,ND833,75.45
CRK_17,NDHRS16-12-19,59.95
CRK_17,NDHRS16-12-31,83.85
CRK_17,NDHRS16-12-52,82.8
CRK_17,SD4691,90.95
CRK_17,SD4705,87.85
CRK_17,SD4710,88.3
CRK_17,SD4724,81.55
CRK_17,SD4741,78.55
CRK_17,MN13304-5,75.5
CRK_17,MN14138-4,86.85
CRK_17,MN14470-5,79.95
CRK_17,MN14669-1,88.05
CRK_17,ALSEN,82.95
CRK_17,2375,73.2
CRK_17,ND2710,90.5
CRK_17,BACUP,85.05
CRK_17,WHEATON,41.4
CRK_19,LANNING,66.2
CRK_19,MT1767,25.09999999999999
CRK_19,VIDA,51.75
CRK_19,NDHRS14-0136-C06,59.6
CRK_19,NDHRS16-14-36,68.95
CRK_19,NDHRS16-16-665,92.95
CRK_19,SD4740,66.95
CRK_19,SD4834,78.85
CRK_19,SD4859,79.85
CRK_19,SD4865,76.85
CRK_19,SD4868,67.8
CRK_19,MN15155-2,80.6
CRK_19,MN16028,64.8
CRK_19,MN16040,81.8
CRK_19,MN16262-3,84.25
CRK_19,MN16317-5,96.4
CRK_19,MT1621,45.35
CRK_19,NDHRS13-0170-0004,70.6
CRK_19,MT1716,55.1
CRK_19,ND-HERON,75.4
CRK_19,ALSEN,74.85
CRK_19,ND2710,89.05
CRK_19,BACUP,75.15
CRK_19,WHEATON,19.34999999999999
CRK_20,MT1775,59.8
CRK_20,MT1809,78.8
CRK_20,MT1866,85.25
CRK_20,MT1871,53.3
CRK_20,MT1872,62.8
CRK_20,NDHRS13-0114-C06,84.85
CRK_20,NDHRS13-0121-C05,73.65
CRK_20,NDHRS13-0215-C03,92.1
CRK_20,NDHRS13-0318-0003,82.15
CRK_20,SD4848,84.9
CRK_20,SD4917,80.2
CRK_20,SD4926,87.25
CRK_20,SD4947,91.15
CRK_20,SD4950,96.15
CRK_20,MN16103-1,87.65
CRK_20,MN16277-3,86.5
CRK_20,MN16340-8,80.7
CRK_20,MN16360-1,88.0
CRK_20,MN16408-5,88.65
CRK_20,NDHRS13-0170-0004,84.5
CRK_20,MT1855,62.9
CRK_20,MT1716,71.85
CRK_20,ND-HERON,71.65
CRK_20,ALSEN,83.9
CRK_20,ND2710,92.4
CRK_20,BACUP,92.3
CRK_20,WHEATON,51.85
CRK_22,MT21076,57.15
CRK_22,MT21082,27.59999999999999
CRK_22,MT21089,40.3
CRK_22,MT21091,59.25
CRK_22,MT21102,54.15
CRK_22,MT21111,60.9
CRK_22,SD4893,80.55
CRK_22,SD4924,80.65
CRK_22,SD5030,68.9
CRK_22,SD5038,61.65
CRK_22,SD5051,68.65
CRK_22,MN17065-2,77.85
CRK_22,MN18081-5,78.55
CRK_22,MN18163-5,84.6
CRK_22,MN18179-4,82.5
CRK_22,MN18292-3,80.55
CRK_22,NDHRS13-0156-C04,80.9
CRK_22,NDHRS13-0177-0001,77.4
CRK_22,NDHRS13-0309-B03,81.25
CRK_22,NDHRS17-0596-B28,72.0
CRK_22,ALSEN,82.65
CRK_22,ND2710,82.9
CRK_22,BACUP,91.25
CRK_22,WHEATON,33.75
CRK_24,AAC_HODGE,54.5
CRK_24,AAC_SPIKE,44.9
CRK_24,AAC_WESTKING,72.6
CRK_24,BW5095,76.93333333333331
CRK_24,HY2136,58.4
CRK_24,MT21224,34.599999999999994
CRK_24,MT22071,25.933333333333294
CRK_24,MT22345,37.0666666666667
CRK_24,MT22361,37.4
CRK_24,MT23004,27.766666666666698
CRK_24,MT23297,52.0
CRK_24,NDHRS18-0069-B077,73.4666666666667
CRK_24,NDHRS18-0105-B080,69.56666666666669
CRK_24,NDHRS18-0178-B057,47.4
CRK_24,NDHRS18-0180-B101,46.1666666666667
CRK_24,NDHRS18-0261-B234,54.6333333333333
CRK_24,NDHRS19RIL-0121-212-1,43.4666666666667
CRK_24,SD5050,34.566666666666706
CRK_24,SD5153,76.2
CRK_24,SD5158,55.6333333333333
CRK_24,SD5193,81.3333333333333
CRK_24,SD5195,65.8666666666667
CRK_24,SD5203,80.26666666666671
CRK_24,SD5223,70.56666666666669
CRK_24,MN19342-1,67.6333333333333
CRK_24,MN20080-3,64.5
CRK_24,MN20081-2,73.26666666666671
CRK_24,MN20171-1,75.76666666666671
CRK_24,MN20172-2,71.9
CRK_24,MT21220,54.6
CRK_24,ALSEN,68.1
CRK_24,ND2710,80.4
CRK_24,BACUP,41.0666666666667
CRK_24,WHEATON,28.59999999999999
CRK_99,ACBARRIE,55.0
CRK_99,SD3310,82.0
CRK_99,SD3407,73.0
CRK_99,SD3414,82.0
CRK_99,MN97518,88.0
CRK_99,MN97596,77.0
CRK_99,MN97603,79.0
CRK_99,MN98068,55.0
CRK_99,MN98513,74.0
CRK_99,ND2891,72.0
CRK_99,2375,61.0
CRK_99,ND2710,87.0
CRK_99,BACUP,57.0
CRK_99,WHEATON,38.0
CRT_15,BW483,89.675
CRT_15,BW485,77.7
CRT_15,BW499,90.1
CRT_15,BW961,78.15
CRT_15,MT1219,47.45
CRT_15,MT1337,75.15
CRT_15,MT1338,75.75
CRT_15,14-13-106,83.325
CRT_15,14-13-135,77.325
CRT_15,14-13-14,67.625
CRT_15,14-13-21,74.15
CRT_15,14-13-97,79.675
CRT_15,SD4559,89.0
CRT_15,SD4582,90.0
CRT_15,SD4595,87.025
CRT_15,SD4605,81.475
CRT_15,SD4607,89.7
CRT_15,MN11326-3,74.325
CRT_15,MN12265-1,52.4
CRT_15,MN12307-3,76.075
CRT_15,MN12423-5,69.475
CRT_15,MN12545-3,82.575
CRT_15,MT1316,54.875
CRT_15,2375,70.775
CRT_15,ND2710,86.325
CRT_15,BACUP,87.5
CRT_15,WHEATON,60.1
FRG_99,ACBARRIE,41.0
FRG_99,SD3310,33.0
FRG_99,SD3407,39.0
FRG_99,SD3414,74.0
FRG_99,MN97518,52.0
FRG_99,MN97596,45.0
FRG_99,MN97603,38.0
FRG_99,MN98068,49.0
FRG_99,MN98513,39.0
FRG_99,ND2891,31.0
FRG_99,2375,39.0
FRG_99,ND2710,32.0
FRG_99,BACUP,58.0
FRG_99,WHEATON,9.0
GLL_00,PI182561,83.44
GLL_00,PI382161,85.24
GLL_00,PI382167,82.66
GLL_00,PI81791,79.38
GLL_00,MN97039,75.75
GLL_00,MN97561,78.89
GLL_00,MN98037,83.05
GLL_00,MN98092,82.46000000000001
GLL_00,MN98208,83.61
GLL_00,MN98389,87.45
GLL_00,2375,79.66
GLL_00,ND2710,95.32
GLL_00,BACUP,87.65
GLL_00,WHEATON,43.06
GLL_01,PI104131,79.2
GLL_01,PI185380,73.3
GLL_01,PI349478,91.4
GLL_01,PI382140,88.7
GLL_01,MN99109,81.0
GLL_01,MN99112,83.7
GLL_01,MN99126,79.7
GLL_01,MN99192,82.9
GLL_01,MN99322,81.0
GLL_01,2375,76.8
GLL_01,ND2710,88.7
GLL_01,BACUP,74.0
GLL_01,WHEATON,54.8
GLL_02,PI163429,63.5
GLL_02,PI168727,55.5
GLL_02,PI345731,81.0
GLL_02,PI185843,70.2
GLL_02,PI264940,63.4
GLL_02,SD3533,44.5
GLL_02,MN00021,69.1
GLL_02,MN00173,62.0
GLL_02,MN00274,89.4
GLL_02,MN99225,52.1
GLL_02,MN99408,84.5
GLL_02,2375,35.900000000000006
GLL_02,ND2710,84.7
GLL_02,BACUP,79.4
GLL_02,WHEATON,34.400000000000006
GLL_03,BUCKAUSTRAL,81.2
GLL_03,KLEINCONDOR,49.7
GLL_03,ARTEMOWSKA,66.1
GLL_03,ALBIDUM43,58.6
GLL_03,SD3746,69.5
GLL_03,STEPNJACHKA,66.4
GLL_03,MN01116,84.7
GLL_03,MN01180,94.7
GLL_03,MN01281,94.3
GLL_03,MN99433-1,59.6
GLL_03,ND03_1-15,54.9
GLL_03,ND03_1-9,90.6
GLL_03,2375,76.7
GLL_03,ND2710,98.7
GLL_03,BACUP,82.0
GLL_03,WHEATON,34.7
GLL_07,ES101,63.75
GLL_07,MN03013-3-2,80.375
GLL_07,MN03191-2-1,79.25
GLL_07,NDSW0430,84.5
GLL_07,MN00209-3-1,87.75
GLL_07,MN02222-1,86.0
GLL_07,RUGBY,54.0
GLL_07,BRICK,83.375
GLL_07,2375,74.875
GLL_07,ND2710,75.875
GLL_07,BACUP,63.5
GLL_07,WHEATON,61.0
GLL_09,FOREFRONT,84.125
GLL_09,SD4011,86.5
GLL_09,SD4027,84.875
GLL_09,SELECT,82.0
GLL_09,MN05152-1-1,89.875
GLL_09,MN06049-1-3,88.375
GLL_09,MN06202-3-1,85.9375
GLL_09,MN06213-6-2-4,88.0
GLL_09,MN06219-2-2,92.125
GLL_09,2375,84.75
GLL_09,ND2710,92.8125
GLL_09,BACUP,81.0625
GLL_09,WHEATON,64.625
GLL_12,BW464,93.5
GLL_12,BW484,90.625
GLL_12,11EXP13-105,96.125
GLL_12,11EXP13-107,96.75
GLL_12,11EXP13-43,89.875
GLL_12,11EXP13-65,77.25
GLL_12,11EXP13-78,93.875
GLL_12,MN08166,97.375
GLL_12,MN08173,95.75
GLL_12,MN09027,98.375
GLL_12,MN09071,96.0
GLL_12,MN09121,98.0
GLL_12,BW429,94.4375
GLL_12,BW928,95.0
GLL_12,2375,86.5
GLL_12,ND2710,92.5
GLL_12,BACUP,93.375
GLL_12,WHEATON,81.875
LGD_00,PI182561,98.9
LGD_00,PI382161,99.8
LGD_00,PI382167,100.0
LGD_00,PI81791,100.0
LGD_00,MN97039,98.8
LGD_00,MN97561,96.6
LGD_00,MN98037,99.1
LGD_00,MN98092,97.7
LGD_00,MN98208,97.6
LGD_00,MN98389,97.1
LGD_00,2375,92.6
LGD_00,ND2710,99.6
LGD_00,BACUP,98.0
LGD_00,WHEATON,88.4
LGD_01,PI104131,98.7
LGD_01,PI185380,95.4
LGD_01,PI349478,86.3
LGD_01,PI382140,98.6
LGD_01,MN99109,92.6
LGD_01,MN99112,97.7
LGD_01,MN99126,97.1
LGD_01,MN99192,96.3
LGD_01,MN99322,92.3
LGD_01,2375,91.5
LGD_01,ND2710,98.1
LGD_01,BACUP,94.1
LGD_01,WHEATON,92.2
LGD_02,PI163429,98.7
LGD_02,PI168727,98.2
LGD_02,PI345731,99.7
LGD_02,PI264940,95.9
LGD_02,SD3533,95.1
LGD_02,MN00021,98.5
LGD_02,MN00173,95.2
LGD_02,MN00274,99.3
LGD_02,MN99225,98.6
LGD_02,MN99408,94.8
LGD_02,2375,91.3
LGD_02,ND2710,99.5
LGD_02,BACUP,94.5
LGD_02,WHEATON,87.3
LGD_03,BUCKAUSTRAL,98.4
LGD_03,KLEINCONDOR,97.7
LGD_03,ARTEMOWSKA,99.7
LGD_03,ALBIDUM43,99.5
LGD_03,SD3746,99.3
LGD_03,STEPNJACHKA,99.8
LGD_03,MN01116,99.5
LGD_03,MN01180,99.7
LGD_03,MN01281,98.7
LGD_03,MN99433-1,98.4
LGD_03,ND03_1-15,98.0
LGD_03,ND03_1-9,98.1
LGD_03,2375,96.9
LGD_03,ND2710,99.8
LGD_03,BACUP,99.6
LGD_03,WHEATON,95.4
LGD_04,MN00187-3,99.3
LGD_04,MN01164,99.4
LGD_04,MN01NIL84-5-5-15,99.2
LGD_04,MN99220-4,98.5
LGD_04,MN99341-2-5,98.2
LGD_04,ND03_1-15,97.6
LGD_04,ND03_1-9,98.6
LGD_04,NDSW0345,98.4
LGD_04,RUGBY,98.4
LGD_04,2375,96.9
LGD_04,ND2710,99.3
LGD_04,BACUP,98.6
LGD_04,WHEATON,97.8
LGD_05,NDSW0350,94.5
LGD_05,MN01057-3-1,99.3
LGD_05,MN01380-2-1,98.1
LGD_05,MN02051-1,97.3
LGD_05,MN02219-1,94.6
LGD_05,MN02306-2,94.9
LGD_05,NDSW0345,96.7
LGD_05,RUGBY,95.7
LGD_05,2375,96.4
LGD_05,ND2710,99.3
LGD_05,BACUP,97.8
LGD_05,WHEATON,90.6
LGD_08,SD3942,56.0341564685315
LGD_08,SD4181,90.43078275890775
LGD_08,MN03342-4,41.0697930487985
LGD_08,MN05117-7,40.4247258299406
LGD_08,MN05149-5,81.3363130374527
LGD_08,SABIN,45.4287316849817
LGD_08,RUGBY,47.8665064102564
LGD_08,ALSEN,58.1840118215118
LGD_08,2375,62.8116758241758
LGD_08,ND2710,74.15636931695761
LGD_08,BACUP,68.5155782697694
LGD_08,WHEATON,24.018475274725304
LGD_09,FOREFRONT,98.6
LGD_09,SD4011,97.3
LGD_09,SD4027,93.2
LGD_09,SELECT,96.6
LGD_09,MN05152-1-1,97.1
LGD_09,MN06049-1-3,97.9
LGD_09,MN06202-3-1,92.5
LGD_09,MN06213-6-2-4,91.8
LGD_09,MN06219-2-2,95.5
LGD_09,2375,93.6
LGD_09,ND2710,95.2
LGD_09,BACUP,98.4
LGD_09,WHEATON,92.1
LGD_10,MT09SCAB16,74.61
LGD_10,MT09SCAB3,77.63
LGD_10,MT09SCAB5,75.99
LGD_10,MT09SCAB9,78.27
LGD_10,FN09-17017,94.5
LGD_10,FN09-17210,92.01
LGD_10,FN09-17213,93.71
LGD_10,FN09-17270,95.3
LGD_10,FN09-17275,97.09
LGD_10,MN06216-6-2-4,83.15
LGD_10,MN07049-7-3,90.54
LGD_10,MN07183-3,80.3
LGD_10,BW928,83.16
LGD_10,2375,80.53
LGD_10,ND2710,94.12
LGD_10,BACUP,86.56
LGD_10,WHEATON,73.76
LGD_11,10EXP13-16,58.5383312364737
LGD_11,10EXP13-24,56.2704111334142
LGD_11,10EXP13-44,61.5474776449041
LGD_11,10EXP13-87,55.8991596638655
LGD_11,10EXPSW13-19,36.2585139318885
LGD_11,10EXPSW13-28,43.3708290333677
LGD_11,10EXPSW13-9,19.685457516339895
LGD_11,SD4313,50.4129969295411
LGD_11,SD4331,47.8060613134143
LGD_11,SD4337,56.8896060617229
LGD_11,SD4338,74.2420051353875
LGD_11,SD4343,79.2308467246548
LGD_11,MN07057-6-4,31.9004281537176
LGD_11,MN07167W-2-1,30.043322389684604
LGD_11,MN09023,50.6530664897538
LGD_11,MN09092,45.2783839934575
LGD_11,X00009-16,43.439707079413
LGD_11,BW429,30.9928943068455
LGD_11,BW928,46.568196509373
LGD_11,2375,40.5350140056022
LGD_11,ND2710,67.5095570279394
LGD_11,BACUP,27.271008048968596
LGD_11,WHEATON,13.230177158582704
LGD_14,SD4504,69.9519364564007
LGD_14,SD4508,77.8819444444444
LGD_14,SD4510,81.7859019886364
LGD_14,SD4514,92.71971756313862
LGD_14,SD4546,67.2516475340136
LGD_14,MN10021,97.30944055944056
LGD_14,MN10388,86.4542609087428
LGD_14,MN11074,72.4372546655647
LGD_14,MN11397-1,86.7414088786402
LGD_14,MN11405,84.0123602147412
LGD_14,12-14-147,80.2553187106454
LGD_14,12-14-158,78.3461776015503
LGD_14,12-14-172,76.5792288714575
LGD_14,12-14-97,69.1656407502272
LGD_14,2375,56.512261225103
LGD_14,ND2710,92.93221726190475
LGD_14,BACUP,55.5923359728507
LGD_14,WHEATON,19.0648692810458
LGD_15,BW483,52.85
LGD_15,BW485,55.375
LGD_15,BW499,66.225
LGD_15,BW961,52.05
LGD_15,MT1219,18.77500000000001
LGD_15,MT1337,15.424999999999995
LGD_15,MT1338,26.22499999999999
LGD_15,14-13-106,51.6
LGD_15,14-13-135,45.0
LGD_15,14-13-14,44.325
LGD_15,14-13-21,47.1
LGD_15,14-13-97,46.225
LGD_15,SD4559,57.225
LGD_15,SD4582,64.175
LGD_15,SD4595,53.775
LGD_15,SD4605,54.8
LGD_15,SD4607,52.75
LGD_15,MN11326-3,56.025
LGD_15,MN12265-1,59.05
LGD_15,MN12307-3,63.875
LGD_15,MN12423-5,57.525
LGD_15,MN12545-3,61.975
LGD_15,MT1316,28.72499999999999
LGD_15,2375,35.75
LGD_15,ND2710,64.3
LGD_15,BACUP,46.3
LGD_15,WHEATON,10.400000000000006
LGD_97,ND691,97.9
LGD_97,PARSHALL,83.8
LGD_97,MN94346,91.8
LGD_97,MN95124,59.4
LGD_97,MN95211,24.200000000000003
LGD_97,SCHOLAR,64.5
LGD_97,MCVEY,99.6
LGD_97,D87-240,89.7
LGD_97,2375,60.8
LGD_97,ND2710,84.4
LGD_97,BACUP,66.1
LGD_97,WHEATON,78.7
MRD_18,MT1673,91.0
MRD_18,NDHRS16-13-13,94.7
MRD_18,NDHRS16-13-89,98.7
MRD_18,NDHRS16-13-97,95.3
MRD_18,NDHRS16-14-12,97.6
MRD_18,NDHRS16-14-91,99.2
MRD_18,MN15008-7,98.9
MRD_18,MN15029-8,98.9
MRD_18,MN15089-2,98.6
MRD_18,MN15219-2,97.8
MRD_18,MN15501-4,97.9
MRD_18,MT1621,81.5
MRD_18,2375,84.2
MRD_18,ND2710,99.5
MRD_18,BACUP,98.9
MRD_18,WHEATON,72.5
MRD_19,MT1767,48.75
MRD_19,NDHRS14-0136-C06,76.4166666666667
MRD_19,NDHRS16-14-36,76.3333333333333
MRD_19,NDHRS16-16-665,94.5
MRD_19,MN15155-2,78.9166666666667
MRD_19,MN16028,65.5833333333333
MRD_19,MN16040,88.6666666666667
MRD_19,MN16262-3,85.3333333333333
MRD_19,MN16317-5,92.5
MRD_19,MT1621,57.2666666666667
MRD_19,NDHRS13-0170-0004,86.5833333333333
MRD_19,ND-HERON,80.9166666666667
MRD_19,ND2710,95.08333333333331
MRD_19,BACUP,84.5833333333333
MRD_19,WHEATON,29.5833333333333
MRS_97,ND691,74.0
MRS_97,PARSHALL,66.0
MRS_97,MN94346,62.9
MRS_97,MN95124,32.0
MRS_97,MN95211,38.0
MRS_97,SCHOLAR,38.0
MRS_97,MCVEY,49.4
MRS_97,D87-240,32.0
MRS_97,2375,62.2
MRS_97,ND2710,68.0
MRS_97,BACUP,66.0
MRS_97,WHEATON,53.2
MRS_98,LANGDON,73.7
MRS_98,BRIGGS,81.9
MRS_98,SD3345,70.6
MRS_98,MN97237,34.0
MRS_98,MN97762,53.0
MRS_98,MN97847,63.6
MRS_98,MCVEY,70.5
MRS_98,ND2891,75.7
MRS_98,2375,65.3
MRS_98,ND2710,86.0
MRS_98,BACUP,70.5
MRS_98,WHEATON,45.6
MRS_99,ACBARRIE,65.0
MRS_99,SD3310,72.0
MRS_99,SD3407,68.0
MRS_99,SD3414,77.0
MRS_99,MN97518,75.0
MRS_99,MN97596,82.0
MRS_99,MN97603,85.0
MRS_99,MN98068,47.0
MRS_99,MN98513,73.0
MRS_99,ND2891,86.0
MRS_99,2375,72.0
MRS_99,ND2710,95.0
MRS_99,BACUP,88.0
MRS_99,WHEATON,39.0
PRP_00,PI182561,5.0
PRP_00,PI382161,36.0
PRP_00,PI382167,56.0
PRP_00,PI81791,46.0
PRP_00,MN97039,52.0
PRP_00,MN97561,55.0
PRP_00,MN98037,51.0
PRP_00,MN98092,43.0
PRP_00,MN98208,50.0
PRP_00,MN98389,40.0
PRP_00,2375,45.0
PRP_00,ND2710,82.0
PRP_00,BACUP,53.0
PRP_00,WHEATON,11.0
PRP_01,PI104131,60.0
PRP_01,PI185380,63.0
PRP_01,PI349478,92.0
PRP_01,PI382140,90.0
PRP_01,MN99109,47.0
PRP_01,MN99112,92.0
PRP_01,MN99126,82.0
PRP_01,MN99192,49.0
PRP_01,MN99322,56.0
PRP_01,2375,83.0
PRP_01,ND2710,83.0
PRP_01,BACUP,76.0
PRP_01,WHEATON,39.0
PRP_04,MN00187-3,96.84
PRP_04,MN01164,92.4427
PRP_04,MN01NIL84-5-5-15,96.5826
PRP_04,MN99220-4,93.5752
PRP_04,MN99341-2-5,92.0792
PRP_04,ND03_1-15,63.81
PRP_04,ND03_1-9,84.6246
PRP_04,NDSW0345,44.2416
PRP_04,RUGBY,39.6002
PRP_04,2375,73.08840000000001
PRP_04,ND2710,96.91
PRP_04,BACUP,86.7321
PRP_04,WHEATON,18.552499999999995
PRP_05,NDSW0350,59.7336
PRP_05,MN01057-3-1,89.9889
PRP_05,MN01380-2-1,79.39580000000001
PRP_05,MN02051-1,63.1735
PRP_05,MN02219-1,90.9833
PRP_05,MN02306-2,89.438
PRP_05,NDSW0345,71.5929
PRP_05,RUGBY,39.7467
PRP_05,2375,74.5003
PRP_05,ND2710,93.845
PRP_05,BACUP,62.9636
PRP_05,WHEATON,49.17
PRP_14,SD4504,92.49464285714286
PRP_14,SD4508,89.0399959935897
PRP_14,SD4510,85.2128399378399
PRP_14,SD4514,89.6838293650794
PRP_14,SD4546,85.7993634259259
PRP_14,MN10021,93.73211996336995
PRP_14,MN10388,89.7330225840336
PRP_14,MN11074,79.5542850378788
PRP_14,MN11397-1,83.9610364145658
PRP_14,MN11405,89.5166666666667
PRP_14,12-14-147,86.7086746906939
PRP_14,12-14-158,77.8854538690476
PRP_14,12-14-172,77.4087606837607
PRP_14,12-14-97,85.0557116596639
PRP_14,2375,70.3075960497836
PRP_14,ND2710,92.0225441522763
PRP_14,BACUP,61.682196969697
PRP_14,WHEATON,43.6722222222222
PRP_15,BW483,54.375
PRP_15,BW485,46.575
PRP_15,BW499,57.925
PRP_15,BW961,52.625
PRP_15,MT1219,24.049999999999997
PRP_15,MT1337,16.375
PRP_15,MT1338,32.05
PRP_15,14-13-106,50.375
PRP_15,14-13-135,42.425
PRP_15,14-13-14,34.375
PRP_15,14-13-21,50.1
PRP_15,14-13-97,41.525
PRP_15,SD4559,67.075
PRP_15,SD4582,73.4
PRP_15,SD4595,42.975
PRP_15,SD4605,45.725
PRP_15,SD4607,44.5
PRP_15,MN11326-3,59.55
PRP_15,MN12265-1,54.9
PRP_15,MN12307-3,49.4
PRP_15,MN12423-5,51.25
PRP_15,MN12545-3,55.475
PRP_15,MT1316,40.55
PRP_15,2375,34.95
PRP_15,ND2710,73.875
PRP_15,BACUP,54.075
PRP_15,WHEATON,24.049999999999997
PRP_16,MT1348,18.8680769230769
PRP_16,MT1401,21.997596153846203
PRP_16,ND820,64.45714188453161
PRP_16,ND822,72.7694035947712
PRP_16,ND824,38.9025144382696
PRP_16,SD4587,42.4454508856683
PRP_16,SD4589,49.130701754386
PRP_16,SD4621,20.1059523809524
PRP_16,SD4645,46.1726731601732
PRP_16,SD4675,47.8239468864469
PRP_16,IDO1403S,36.2110294117647
PRP_16,IDO1405S,54.0200228832952
PRP_16,IDO1601S,34.861904761904796
PRP_16,IDO1603S,47.2748538011696
PRP_16,UISTONE,51.2681917211329
PRP_16,LANG-MN,10.707702020202008
PRP_16,MN11394-6,16.650000000000006
PRP_16,MN13056-7,8.449169799498705
PRP_16,MN13064-2,5.638750138750098
PRP_16,MN13515-8,59.9761904761905
PRP_16,MT1316,22.752117208672104
PRP_16,ND-VITPRO,69.3105555555556
PRP_16,ND828,32.2712295444494
PRP_16,2375,20.18125000000001
PRP_16,ND2710,43.3981617647059
PRP_16,BACUP,32.178824928824895
PRP_16,WHEATON,56.1313961988304
PRP_17,ND830,76.33333329999999
PRP_17,ND833,84.33333329999999
PRP_17,NDHRS16-12-19,64.0
PRP_17,NDHRS16-12-31,90.0
PRP_17,NDHRS16-12-52,62.0
PRP_17,SD4691,83.33333329999999
PRP_17,SD4705,85.33333329999999
PRP_17,SD4710,73.0
PRP_17,SD4724,89.33333329999999
PRP_17,SD4741,81.0
PRP_17,MN13304-5,58.3333333
PRP_17,MN14138-4,52.3333333
PRP_17,MN14470-5,91.3333333
PRP_17,MN14669-1,45.3333333
PRP_17,2398,48.25
PRP_17,2375,81.33333329999999
PRP_17,ND2710,87.16666670000001
PRP_17,BACUP,68.33333329999999
PRP_17,WHEATON,41.3333333
PRP_19,LANNING,36.37
PRP_19,MT1767,28.7366667
PRP_19,VIDA,46.21
PRP_19,NDHRS14-0136-C06,46.9533333
PRP_19,NDHRS16-14-36,49.1333333
PRP_19,NDHRS16-16-665,63.98
PRP_19,SD4740,53.3633333
PRP_19,SD4834,64.1733333
PRP_19,SD4859,55.4766667
PRP_19,SD4865,54.4566667
PRP_19,SD4868,53.8966667
PRP_19,MN15155-2,61.8833333
PRP_19,MN16028,47.3333333
PRP_19,MN16040,66.07
PRP_19,MN16262-3,55.2166667
PRP_19,MN16317-5,63.2866667
PRP_19,MT1621,38.6433333
PRP_19,NDHRS13-0170-0004,48.3033333
PRP_19,MT1716,46.8333333
PRP_19,ND-HERON,53.92
PRP_19,ND2710,84.477
PRP_19,BACUP,73.03999999999999
PRP_19,WHEATON,31.629999999999995
PRP_97,ND691,15.900000000000006
PRP_97,PARSHALL,12.400000000000006
PRP_97,MN94346,15.5
PRP_97,MN95124,14.299999999999995
PRP_97,MN95211,15.0
PRP_97,SCHOLAR,4.599999999999994
PRP_97,MCVEY,29.799999999999997
PRP_97,D87-240,47.6
PRP_97,2375,4.799999999999997
PRP_97,ND2710,57.5
PRP_97,BACUP,24.59999999999999
PRP_97,WHEATON,6.799999999999997
STP_00,PI182561,91.7
STP_00,PI382161,79.3
STP_00,PI382167,82.5
STP_00,PI81791,85.2
STP_00,MN97039,82.2
STP_00,MN97561,83.0
STP_00,MN98037,85.8
STP_00,MN98092,82.0
STP_00,MN98208,88.3
STP_00,MN98389,88.2
STP_00,2375,73.0
STP_00,ND2710,97.2
STP_00,BACUP,76.7
STP_00,WHEATON,17.5
STP_01,PI104131,75.4
STP_01,PI185380,31.799999999999997
STP_01,PI349478,90.2
STP_01,PI382140,87.1
STP_01,MN99109,77.5
STP_01,MN99112,89.4
STP_01,MN99126,76.8
STP_01,MN99192,91.5
STP_01,MN99322,87.5
STP_01,2375,68.9
STP_01,ND2710,86.2
STP_01,BACUP,76.5
STP_01,WHEATON,23.09999999999999
STP_02,PI163429,74.0
STP_02,PI168727,57.4
STP_02,PI345731,63.7
STP_02,PI185843,82.3
STP_02,PI264940,65.7
STP_02,SD3533,64.8
STP_02,MN00021,74.9
STP_02,MN00173,78.9
STP_02,MN00274,95.8
STP_02,MN99225,85.2
STP_02,MN99408,81.5
STP_02,2375,67.3
STP_02,ND2710,92.6
STP_02,BACUP,82.0
STP_02,WHEATON,26.299999999999997
STP_03,BUCKAUSTRAL,66.7
STP_03,KLEINCONDOR,63.1
STP_03,ARTEMOWSKA,61.2
STP_03,ALBIDUM43,76.7
STP_03,SD3746,68.2
STP_03,STEPNJACHKA,57.6
STP_03,MN01116,87.3
STP_03,MN01180,86.2
STP_03,MN01281,88.5
STP_03,MN99433-1,84.8
STP_03,ND03_1-15,72.6
STP_03,ND03_1-9,67.5
STP_03,2375,75.1
STP_03,ND2710,89.6
STP_03,BACUP,68.4
STP_03,WHEATON,44.7
STP_04,MN00187-3,86.2333
STP_04,MN01164,67.9333
STP_04,MN01NIL84-5-5-15,72.7
STP_04,MN99220-4,78.8
STP_04,MN99341-2-5,72.2667
STP_04,ND03_1-15,61.3
STP_04,ND03_1-9,60.7333
STP_04,NDSW0345,28.0
STP_04,RUGBY,47.7333
STP_04,2375,55.3333
STP_04,ND2710,86.6333
STP_04,BACUP,86.1
STP_04,WHEATON,25.33329999999999
STP_05,NDSW0350,80.9333
STP_05,MN01057-3-1,97.7
STP_05,MN01380-2-1,97.3
STP_05,MN02051-1,87.0667
STP_05,MN02219-1,83.0333
STP_05,MN02306-2,97.13333
STP_05,NDSW0345,80.7667
STP_05,RUGBY,83.0333
STP_05,2375,84.0333
STP_05,ND2710,98.73333
STP_05,BACUP,91.93333
STP_05,WHEATON,71.83330000000001
STP_07,ES101,77.0
STP_07,MN03013-3-2,92.8
STP_07,MN03191-2-1,89.0
STP_07,NDSW0430,94.7
STP_07,MN00209-3-1,97.0
STP_07,MN02222-1,97.0
STP_07,RUGBY,76.2
STP_07,BRICK,97.4
STP_07,2375,90.6
STP_07,ND2710,96.4
STP_07,BACUP,96.2
STP_07,WHEATON,68.9
STP_09,FOREFRONT,94.8
STP_09,SD4011,93.33333333333331
STP_09,SD4027,87.3
STP_09,SELECT,84.1333333333333
STP_09,MN05152-1-1,92.73333333333332
STP_09,MN06049-1-3,93.5
STP_09,MN06202-3-1,89.6333333333333
STP_09,MN06213-6-2-4,80.8666666666667
STP_09,MN06219-2-2,77.8333333333333
STP_09,2375,75.0
STP_09,ND2710,89.7333333333333
STP_09,BACUP,87.3666666666667
STP_09,WHEATON,15.799999999999995
STP_10,MT09SCAB16,64.0
STP_10,MT09SCAB3,66.4
STP_10,MT09SCAB5,77.8
STP_10,MT09SCAB9,75.7
STP_10,FN09-17017,85.4
STP_10,FN09-17210,71.1
STP_10,FN09-17213,64.3
STP_10,FN09-17270,63.5
STP_10,FN09-17275,80.9
STP_10,MN06216-6-2-4,80.3
STP_10,MN07049-7-3,78.5
STP_10,MN07183-3,71.1
STP_10,BW928,71.0
STP_10,ALSEN,90.0
STP_10,2375,88.1
STP_10,ND2710,88.0
STP_10,BACUP,65.3
STP_10,WHEATON,59.8
STP_11,10EXP13-16,70.7
STP_11,10EXP13-24,84.0667
STP_11,10EXP13-44,68.0667
STP_11,10EXP13-87,81.7
STP_11,10EXPSW13-19,48.4
STP_11,10EXPSW13-28,67.5
STP_11,10EXPSW13-9,59.6333
STP_11,SD4313,79.2667
STP_11,SD4331,74.7
STP_11,SD4337,77.7
STP_11,SD4338,81.33330000000001
STP_11,SD4343,93.7
STP_11,MN07057-6-4,64.66669999999999
STP_11,MN07167W-2-1,72.1
STP_11,MN09023,70.16669999999999
STP_11,MN09092,88.0
STP_11,X00009-16,77.0667
STP_11,BW928,88.0
STP_11,ALSEN,85.0333
STP_11,2375,71.2333
STP_11,ND2710,88.3667
STP_11,BACUP,66.95
STP_11,WHEATON,21.549999999999997
STP_12,11EXP13-105,88.0666666666667
STP_12,11EXP13-107,84.2333333333333
STP_12,11EXP13-43,84.6
STP_12,11EXP13-65,83.06666666666669
STP_12,11EXP13-78,89.7333333333333
STP_12,SD4361,78.3333333333333
STP_12,SD4366,85.8
STP_12,SD4388,83.5
STP_12,SD4394,81.4666666666667
STP_12,SD4397,91.96666666666668
STP_12,MN08166,92.56666666666666
STP_12,MN08173,78.26666666666671
STP_12,MN09027,87.5666666666667
STP_12,MN09071,80.4
STP_12,MN09121,87.8333333333333
STP_12,BW928,85.3
STP_12,ALSEN,81.43333333333331
STP_12,2375,86.2666666666667
STP_12,ND2710,95.93333333333334
STP_12,BACUP,82.9
STP_12,WHEATON,49.8166666666667
STP_13,SD4487,49.6333
STP_13,SD4518,84.4667
STP_13,SD4536,89.7
STP_13,SD4541,74.2667
STP_13,SD4544,84.5
STP_13,MN09157,90.2
STP_13,MN10055,81.4
STP_13,MN10285,93.3
STP_13,MN10362,96.1
STP_13,MN10368,84.3
STP_13,12-14-147,85.3667
STP_13,12-14-158,80.5667
STP_13,12-14-172,94.43333
STP_13,12-14-97,62.3333
STP_13,ALSEN,76.4667
STP_13,2375,80.0
STP_13,ND2710,94.56667
STP_13,BACUP,95.7
STP_13,WHEATON,37.15
STP_14,SD4504,95.4
STP_14,SD4508,91.46667
STP_14,SD4510,95.26667
STP_14,SD4514,93.1
STP_14,SD4546,90.86667
STP_14,MN10021,96.76667
STP_14,MN10388,97.2
STP_14,MN11074,96.5
STP_14,MN11397-1,96.63333
STP_14,MN11405,96.3
STP_14,12-14-147,89.5
STP_14,12-14-158,83.16669999999999
STP_14,12-14-172,94.3
STP_14,12-14-97,87.3333
STP_14,ALSEN,95.36667
STP_14,2375,86.2
STP_14,ND2710,95.16667
STP_14,BACUP,96.06667
STP_14,WHEATON,60.0667
STP_15,14-13-106,68.2
STP_15,14-13-135,91.8
STP_15,14-13-14,64.06666666666669
STP_15,14-13-21,91.3
STP_15,14-13-97,71.3333333333333
STP_15,SD4559,90.83333333333331
STP_15,SD4582,91.6
STP_15,SD4595,87.5666666666667
STP_15,SD4605,81.6666666666667
STP_15,SD4607,91.93333333333334
STP_15,MN11326-3,85.3666666666667
STP_15,MN12265-1,80.1333333333333
STP_15,MN12307-3,79.0333333333333
STP_15,MN12423-5,86.9666666666667
STP_15,MN12545-3,88.7
STP_15,ALSEN,78.2
STP_15,2375,75.9666666666667
STP_15,ND2710,94.03333333333332
STP_15,BACUP,81.1666666666667
STP_15,WHEATON,25.049999999999997
STP_16,MT1348,37.0666666666667
STP_16,MT1401,74.7
STP_16,ND820,75.5333333333333
STP_16,ND822,92.03333333333332
STP_16,ND824,91.2
STP_16,SD4587,91.83333333333331
STP_16,SD4589,86.1333333333333
STP_16,SD4621,94.93333333333334
STP_16,SD4645,77.6333333333333
STP_16,SD4675,81.6666666666667
STP_16,IDO1403S,49.2
STP_16,IDO1405S,58.5
STP_16,IDO1601S,63.6
STP_16,IDO1603S,38.6666666666667
STP_16,UISTONE,47.0333333333333
STP_16,LANG-MN,86.5666666666667
STP_16,MN11394-6,86.4333333333333
STP_16,MN13056-7,80.2
STP_16,MN13064-2,79.6666666666667
STP_16,MN13515-8,94.66666666666669
STP_16,MT1316,69.2
STP_16,ND-VITPRO,84.5
STP_16,ND828,85.8333333333333
STP_16,ALSEN,83.5
STP_16,2375,74.93333333333331
STP_16,ND2710,75.06666666666669
STP_16,BACUP,91.53333333333332
STP_16,WHEATON,49.5
STP_17,ND830,87.7
STP_17,ND833,94.6
STP_17,NDHRS16-12-19,83.0333333333333
STP_17,NDHRS16-12-31,95.76666666666668
STP_17,NDHRS16-12-52,97.13333333333333
STP_17,SD4691,93.6
STP_17,SD4705,95.83333333333331
STP_17,SD4710,95.93333333333334
STP_17,SD4724,98.06666666666666
STP_17,SD4741,94.06666666666666
STP_17,MN13304-5,91.2
STP_17,MN14138-4,96.83333333333331
STP_17,MN14470-5,78.0333333333333
STP_17,MN14669-1,96.2
STP_17,ALSEN,96.86666666666667
STP_17,2375,81.5333333333333
STP_17,ND2710,97.06666666666666
STP_17,BACUP,94.0
STP_17,WHEATON,40.8666666666667
STP_18,MT1673,65.3333333333333
STP_18,NDHRS16-13-13,76.4
STP_18,NDHRS16-13-89,92.1
STP_18,NDHRS16-13-97,87.6
STP_18,NDHRS16-14-12,76.5333333333333
STP_18,NDHRS16-14-91,87.1
STP_18,SD4756,89.7333333333333
STP_18,SD4758,27.90000000000001
STP_18,SD4787,91.43333333333334
STP_18,SD4819,90.46666666666668
STP_18,SD4822,81.3666666666667
STP_18,MN15008-7,90.2
STP_18,MN15029-8,63.5666666666667
STP_18,MN15089-2,89.4
STP_18,MN15219-2,75.8333333333333
STP_18,MN15501-4,69.3333333333333
STP_18,MT1621,69.6
STP_18,ALSEN,88.0
STP_18,2375,68.3666666666667
STP_18,ND2710,95.63333333333333
STP_18,BACUP,92.83333333333331
STP_18,WHEATON,14.133333333333296
STP_19,LANNING,65.73333333333329
STP_19,MT1767,34.8666666666667
STP_19,VIDA,28.033333333333303
STP_19,NDHRS14-0136-C06,76.3333333333333
STP_19,NDHRS16-14-36,84.7666666666667
STP_19,NDHRS16-16-665,80.5
STP_19,SD4740,70.5
STP_19,SD4834,87.7333333333333
STP_19,SD4859,68.0
STP_19,SD4865,69.26666666666671
STP_19,SD4868,67.6
STP_19,MN15155-2,73.6
STP_19,MN16028,59.3333333333333
STP_19,MN16040,88.9
STP_19,MN16262-3,73.6333333333333
STP_19,MN16317-5,79.93333333333331
STP_19,MT1621,52.0333333333333
STP_19,NDHRS13-0170-0004,84.5666666666667
STP_19,MT1716,70.6
STP_19,ND-HERON,72.9666666666667
STP_19,ALSEN,82.43333333333331
STP_19,ND2710,87.3333333333333
STP_19,BACUP,82.2
STP_19,WHEATON,16.3333333333333
STP_20,MT1775,51.3
STP_20,MT1809,63.6
STP_20,MT1866,59.5666666666667
STP_20,MT1871,39.0333333333333
STP_20,MT1872,32.433333333333294
STP_20,NDHRS13-0114-C06,77.6333333333333
STP_20,NDHRS13-0121-C05,71.5
STP_20,NDHRS13-0215-C03,79.76666666666671
STP_20,NDHRS13-0318-0003,63.5333333333333
STP_20,SD4848,74.7
STP_20,SD4917,71.43333333333331
STP_20,SD4926,71.3333333333333
STP_20,SD4947,56.4333333333333
STP_20,SD4950,63.0666666666667
STP_20,MN16103-1,75.4
STP_20,MN16277-3,86.5
STP_20,MN16340-8,82.06666666666669
STP_20,MN16360-1,71.73333333333329
STP_20,MN16408-5,85.2666666666667
STP_20,NDHRS13-0170-0004,77.2
STP_20,MT1855,26.466666666666697
STP_20,MT1716,59.0
STP_20,ND-HERON,78.23333333333329
STP_20,ALSEN,76.9666666666667
STP_20,ND2710,94.4
STP_20,BACUP,83.23333333333329
STP_20,WHEATON,29.233333333333302
STP_21,MT2007,68.76666666666671
STP_21,MT2013,43.6333333333333
STP_21,MT2018,59.8333333333333
STP_21,MT2022,87.8333333333333
STP_21,NDHRS17DH-0467-056,72.93333333333331
STP_21,SD4871,84.9333333333333
STP_21,SD4933,83.0
STP_21,SD4968,78.56666666666669
STP_21,SD4976,89.4333333333333
STP_21,SD4991,85.3
STP_21,SD5012,69.8
STP_21,MN17033-1,87.9333333333333
STP_21,MN17038-5,74.5333333333333
STP_21,MN17271-1,93.43333333333334
STP_21,MN17332-2,82.0333333333333
STP_21,MT1855,71.0
STP_21,NDHRS13-0156-C04,83.8
STP_21,NDHRS13-0177-0001,75.0333333333333
STP_21,NDHRS13-0309-B03,83.3
STP_21,NDHRS17-0596-B28,71.4666666666667
STP_21,MT1716,64.06666666666669
STP_21,ALSEN,64.56666666666669
STP_21,ND2710,80.1
STP_21,BACUP,92.13333333333333
STP_21,WHEATON,41.9
STP_22,MT21076,62.0333333333333
STP_22,MT21082,74.76666666666671
STP_22,MT21089,57.6333333333333
STP_22,MT21091,57.8
STP_22,MT21102,48.3
STP_22,MT21111,57.4666666666667
STP_22,SD4893,75.23333333333329
STP_22,SD4924,44.1333333333333
STP_22,SD5030,83.1333333333333
STP_22,SD5038,85.2666666666667
STP_22,SD5051,79.9666666666667
STP_22,MN17065-2,79.3
STP_22,MN18081-5,70.56666666666669
STP_22,MN18163-5,79.76666666666671
STP_22,MN18179-4,63.9666666666667
STP_22,MN18292-3,58.3
STP_22,NDHRS13-0156-C04,81.23333333333329
STP_22,NDHRS13-0177-0001,75.7
STP_22,NDHRS13-0309-B03,92.7
STP_22,NDHRS17-0596-B28,73.23333333333329
STP_22,ALSEN,84.3333333333333
STP_22,ND2710,92.8
STP_22,BACUP,90.76666666666668
STP_22,WHEATON,11.700000000000005
STP_23,MT21214,68.2
STP_23,MT21222,76.3333333333333
STP_23,MT21305,85.6666666666667
STP_23,MT21352,70.06666666666669
STP_23,MT21384,70.3666666666667
STP_23,NDHRS15-0006-B02,87.3
STP_23,NDHRS15-0006-C29,86.8
STP_23,NDHRS15-0037-C52,76.6
STP_23,NDHRS15-0405-C34,77.6
STP_23,NDHRS16RIL-0190-019,83.0
STP_23,SD5101,84.4666666666667
STP_23,SD5117,85.8
STP_23,SD5127,79.56666666666669
STP_23,SD5132,69.5
STP_23,SD5145,83.8666666666667
STP_23,SD5159,71.6666666666667
STP_23,MN18091-2,75.8666666666667
STP_23,MN19114-3,79.8
STP_23,MN19146-4,91.5
STP_23,MN19257-1,84.3666666666667
STP_23,MN20231-2,95.66666666666669
STP_23,MT21220,65.1333333333333
STP_23,ALSEN,78.5333333333333
STP_23,ND2710,93.93333333333334
STP_23,BACUP,88.9333333333333
STP_23,WHEATON,19.233333333333302
STP_24,AAC_HODGE,63.3
STP_24,AAC_SPIKE,78.23333333333329
STP_24,AAC_WESTKING,72.4
STP_24,BW5095,52.9666666666667
STP_24,HY2136,40.9666666666667
STP_24,MT21224,40.0666666666667
STP_24,MT22071,26.40000000000001
STP_24,MT22345,34.1666666666667
STP_24,MT22361,37.9
STP_24,MT23004,48.3
STP_24,MT23297,45.7
STP_24,NDHRS18-0069-B077,72.23333333333329
STP_24,NDHRS18-0105-B080,92.96666666666668
STP_24,NDHRS18-0178-B057,56.6
STP_24,NDHRS18-0180-B101,63.5333333333333
STP_24,NDHRS18-0261-B234,74.8666666666667
STP_24,NDHRS19RIL-0121-212-1,83.26666666666671
STP_24,SD5050,52.2666666666667
STP_24,SD5153,79.9666666666667
STP_24,SD5158,62.0
STP_24,SD5193,56.8666666666667
STP_24,SD5195,60.0
STP_24,SD5203,78.4666666666667
STP_24,SD5223,76.5333333333333
STP_24,MN19342-1,56.5333333333333
STP_24,MN20080-3,81.0333333333333
STP_24,MN20081-2,70.1333333333333
STP_24,MN20171-1,70.5
STP_24,MN20172-2,58.3
STP_24,MT21220,54.5666666666667
STP_24,ALSEN,71.26666666666671
STP_24,ND2710,79.2
STP_24,BACUP,78.0
STP_24,WHEATON,12.400000000000006
STP_97,ND691,94.0
STP_97,PARSHALL,89.0
STP_97,MN94346,98.0
STP_97,MN95124,91.0
STP_97,MN95211,96.0
STP_97,SCHOLAR,81.0
STP_97,MCVEY,86.0
STP_97,D87-240,88.0
STP_97,2375,94.0
STP_97,ND2710,98.0
STP_97,BACUP,97.0
STP_97,WHEATON,75.0
STP_98,LANGDON,60.6
STP_98,BRIGGS,82.4
STP_98,SD3345,72.0
STP_98,MN97237,88.9
STP_98,MN97762,87.8
STP_98,MN97847,91.4
STP_98,MCVEY,92.6
STP_98,ND2891,88.5
STP_98,2375,88.8
STP_98,ND2710,94.2
STP_98,BACUP,84.6
STP_98,WHEATON,57.0
STP_99,ACBARRIE,67.0
STP_99,SD3310,69.0
STP_99,SD3407,58.0
STP_99,SD3414,75.0
STP_99,MN97518,54.0
STP_99,MN97596,72.0
STP_99,MN97603,55.0
STP_99,MN98068,42.0
STP_99,MN98513,80.0
STP_99,ND2891,66.0
STP_99,2375,68.0
STP_99,ND2710,82.0
STP_99,BACUP,65.0
STP_99,WHEATON,32.0
WNP_98,LANGDON,80.4
WNP_98,BRIGGS,68.1
WNP_98,SD3345,78.8
WNP_98,MN97237,95.7
WNP_98,MN97762,72.2
WNP_98,MN97847,84.3
WNP_98,MCVEY,93.4
WNP_98,ND2891,71.8
WNP_98,2375,78.8
WNP_98,ND2710,94.6
WNP_98,BACUP,82.5
WNP_98,WHEATON,55.8
